{
  "mu": 1.917522250134577,
  "sigma": 16.955940321675282,
  "count": 770942217,
  "include_holes": false,
  "computed_at": "2025-09-23T12:24:54"
}